Season,Name,Tm,G,TBF,ERA,H,2B,3B,R,ER,HR,BB,IBB,HBP,SO,AVG,OBP,SLG,wOBA,playerId
"Total","Xavier Cedeno","CHC",1,1,0,0,0,0,0,0,0,1,0,0,0,0,1,0,0.6902945041656494,36
"Total","Fernando Rodney","2 Tms",18,44,16.4347826,17,3,0,15,14,3,6,0,0,7,0.44736842,0.52272727,0.76315789,0.5267283604903654,494
"Total","Tommy Hunter","PHI",1,2,0,0,0,0,0,0,0,0,0,0,1,0,0,0,0,1157
"Total","Adam Ottavino","NYY",31,74,4.5,12,2,1,12,9,1,10,2,1,21,0.19354839,0.31081081,0.30645161,0.2652820837166574,1247
"Total","Jon Edwards","CLE",1,1,9,1,0,0,1,1,1,0,0,0,0,1,1,4,1.9395360946655273,1483
"Total","Oliver Perez","CLE",23,37,10.125,9,5,0,9,9,1,4,2,0,9,0.28125,0.35135135,0.53125,0.343207653931209,1514
"Total","Sean Doolittle","WSN",34,102,5.47826087,24,2,1,14,14,3,7,1,2,30,0.26086957,0.32673267,0.40217391,0.31014081835746765,1581
"Total","Edwin Jackson","TOR",1,1,18,1,1,0,2,2,0,0,0,0,0,1,1,2,1.21666419506073,1841
"Total","Hector Rondon","HOU",22,37,5.4,7,3,0,6,6,1,1,0,0,6,0.2,0.21621622,0.37142857,0.24023364846770828,2391
"Total","Luis Avilan","NYM",10,15,2.45454545,2,0,0,1,1,0,2,0,1,2,0.16666667,0.33333333,0.16666667,0.2559346318244934,2882
"Total","Kenley Jansen","LAD",35,100,7.71428572,23,4,0,22,20,5,6,0,1,39,0.25274725,0.3,0.46153846,0.3159982198476791,3096
"Total","Tony Watson","SFG",31,66,4.15384615,13,2,0,8,8,1,5,1,1,10,0.22413793,0.296875,0.31034483,0.26268779569202,3132
"Total","Tim Collins","CHC",2,2,0,0,0,0,0,0,0,0,0,0,0,0,0,0,0,3164
"Total","Will Harris","HOU",23,43,3.97058824,9,0,0,8,5,1,2,0,0,9,0.225,0.26190476,0.3,0.24469007764543807,3192
"Total","Francisco Liriano","PIT",26,48,12.27272727,11,2,0,16,15,3,8,1,0,8,0.28947368,0.39583333,0.57894737,0.3893966345076865,3201
"Total","T.J. McFarland","ARI",13,15,10.80000001,5,2,0,6,4,0,2,0,0,1,0.38461538,0.46666667,0.53846154,0.4281826138496399,3237
"Total","Zack Britton","NYY",30,67,4.58490566,12,2,0,9,9,2,8,1,0,12,0.20689655,0.3030303,0.34482759,0.27848185025728667,3240
"Total","Joe Smith","HOU",4,6,0,1,0,0,0,0,0,0,0,0,3,0.16666667,0.16666667,0.16666667,0.14493454496065775,3281
"Total","Hector Noesi","MIA",2,2,0,0,0,0,0,0,0,0,0,0,0,0,0,0,0,3292
"Total","Liam Hendriks","OAK",33,97,3.97058823,25,5,1,11,10,4,8,5,0,37,0.28735632,0.34375,0.50574713,0.33500520148120083,3548
"Total","Zach Duke","CIN",6,6,22.5,0,0,0,5,5,0,1,0,0,2,0,0.16666667,0,0.11504908402760823,3840
"Total","Matt Magill","2 Tms",13,35,7.71428571,10,2,0,7,6,1,3,3,0,11,0.33333333,0.39393939,0.5,0.34867051243782043,3950
"Total","Edinson Volquez","TEX",1,2,0,0,0,0,0,0,0,0,0,0,0,0,0,0,0,3990
"Total","Allen Webster","CHC",2,3,0,0,0,0,0,0,0,0,0,1,0,0,0.33333333,0,0.23973864316940308,3993
"Total","Yusmeiro Petit","OAK",26,52,7.36363636,9,2,0,12,12,3,0,0,0,15,0.17647059,0.17647059,0.39215686,0.23000717163085938,4020
"Total","Hector Santiago","2 Tms",2,7,13.50000003,1,0,0,2,2,0,2,0,0,1,0.2,0.42857143,0.2,0.3214566111564636,4026
"Total","Pedro Strop","CHC",16,42,14.04000001,15,3,0,13,13,3,4,0,2,12,0.41666667,0.5,0.75,0.5117780041126978,4070
"Total","Derek Holland","2 Tms",7,9,13.5,3,1,0,3,3,1,1,0,0,1,0.375,0.44444444,0.875,0.5240113404062059,4141
"Total","David Hernandez","CIN",20,35,15.42857143,11,2,1,12,12,1,3,0,1,10,0.35483871,0.42857143,0.58064516,0.4222637210573469,4259
"Total","Mark Melancon","2 Tms",25,63,7.04347826,17,2,0,12,12,1,2,1,0,15,0.27868852,0.3015873,0.36065574,0.27802678654270785,4264
"Total","Matt Albers","MIL",30,66,9.20454545,13,2,0,15,15,3,14,2,1,13,0.27083333,0.4375,0.5,0.39050878728589705,4300
"Total","Justin Wilson","NYM",19,51,2.25,12,2,0,4,3,1,6,1,1,16,0.27272727,0.37254902,0.38636364,0.32740036725997923,4301
"Total","Tyler Chatwood","CHC",10,33,5,7,2,0,5,5,0,2,0,1,9,0.23333333,0.3030303,0.3,0.2691263538418394,4338
"Total","Pat Neshek","PHI",5,12,3.375,2,1,0,2,1,0,1,0,0,2,0.2,0.25,0.3,0.2313804974158605,4682
"Total","Nate Jones","CHW",2,3,27.00000027,1,0,0,1,1,1,0,0,1,0,0.5,0.66666667,2,0.8862506747245789,4696
"Total","Mike Montgomery","CHC",8,12,13.50000001,5,0,1,5,5,2,0,0,0,1,0.41666667,0.41666667,1.08333333,0.5956085125605265,4869
"Total","Fernando Abad","SFG",10,17,7.71428571,3,0,0,4,4,0,1,0,0,5,0.1875,0.23529412,0.1875,0.19406566549749935,4994
"Total","Jake Diekman","2 Tms",38,71,9.18,14,2,0,18,17,1,7,0,3,20,0.23728814,0.33802817,0.3220339,0.2947641376038672,5003
"Total","Jeurys Familia","NYM",18,48,18,15,3,0,19,18,4,11,3,1,7,0.45454545,0.58695652,0.90909091,0.5722457461578901,5114
"Total","Wade LeBlanc","SEA",8,11,20.24999997,3,1,0,6,6,0,1,0,0,0,0.3,0.36363636,0.4,0.3314702944322066,5221
"Total","Blake Parker","2 Tms",24,72,4.76470588,11,1,0,9,9,1,10,0,1,20,0.19298246,0.31428571,0.26315789,0.2657832384109497,5224
"Total","Wilmer Font","3 Tms",6,14,0,2,1,0,0,0,0,1,0,0,3,0.15384615,0.21428571,0.23076923,0.19832614064216614,5257
"Total","Jose Alvarez","PHI",19,46,5.72727273,12,0,0,7,7,1,3,2,0,8,0.29268293,0.33333333,0.36585366,0.28361652479615324,5358
"Total","Manny Banuelos","CHW",1,1,0,0,0,0,0,0,0,0,0,0,0,0,0,0,0,5365
"Total","Brad Peacock","HOU",2,4,0,0,0,0,1,0,0,0,0,0,2,0,0,0,0,5401
"Total","Pedro Baez","LAD",29,59,4.8,8,2,0,11,8,1,5,0,1,15,0.15384615,0.24137931,0.25,0.22226878075764098,5420
"Total","Jesse Chavez","TEX",13,26,2.7,4,2,0,2,2,1,3,0,0,5,0.18181818,0.28,0.40909091,0.29253421068191526,5448
"Total","Arodys Vizcaino","ATL",2,3,13.49999993,1,0,0,1,1,1,0,0,0,1,0.33333333,0.33333333,1.33333333,0.6465120315551758,5498
"Total","Ryan Brasier","BOS",24,51,9.58064516,15,2,0,12,11,3,4,0,1,14,0.32608696,0.39215686,0.56521739,0.40055692780251595,5615
"Total","Tyler Clippard","CLE",7,11,0,0,0,0,0,0,0,1,0,0,4,0,0.09090909,0,0.06275404583324086,5640
"Total","Junior Guerra","MIL",32,74,5.89090909,18,4,0,13,12,3,5,1,0,20,0.26865672,0.31506849,0.46268657,0.3196128201153543,5702
"Total","Kelvin Herrera","CHW",17,37,12.91304347,13,0,0,11,11,4,3,1,0,3,0.39393939,0.44444444,0.75757576,0.4847199661391122,6033
"Total","Trevor Cahill","LAA",7,23,1.8,5,1,0,1,1,0,3,0,0,5,0.25,0.34782609,0.3,0.2941729037658028,6249
"Total","David Phelps","2 Tms",15,24,7.10526316,4,0,0,5,5,1,4,0,0,7,0.2,0.33333333,0.35,0.3045639966924985,6316
"Total","Trevor May","MIN",22,58,5.4,11,3,0,10,9,1,3,1,0,20,0.21153846,0.24137931,0.32692308,0.22907664169344985,6398
"Total","Jose Cisnero","DET",11,29,10.8,8,2,0,7,6,1,5,3,0,5,0.38095238,0.48148148,0.61904762,0.42089541008075076,6399
"Total","Steve Cishek","CHC",29,76,5.29411765,12,2,0,11,10,1,13,1,3,10,0.20689655,0.36842105,0.29310345,0.3018734900156657,6483
"Total","Blaine Hardy","DET",8,14,1.8,0,0,0,1,1,0,1,0,0,4,0,0.07142857,0,0.04930675029754639,6499
"Total","Robert Stock","SDP",5,7,27,1,0,0,4,3,0,3,0,0,2,0.25,0.57142857,0.25,0.4200701117515564,6576
"Total","Brad Brach","2 Tms",17,39,7.44827586,6,2,0,8,8,0,8,1,0,9,0.19354839,0.35897436,0.25806452,0.2827320789035998,6627
"Total","Carlos Carrasco","CLE",3,4,0,0,0,0,0,0,0,0,0,0,3,0,0,0,0,6632
"Total","Craig Kimbrel","CHC",14,38,7.56,7,2,0,7,7,4,6,0,0,11,0.22580645,0.34210526,0.67741935,0.400074922724774,6655
"Total","Alex Colome","CHW",32,80,3.31578947,12,0,0,12,7,3,11,2,0,13,0.17910448,0.29113924,0.31343284,0.2578925227189993,6661
"Total","Andrew Miller","STL",33,70,7.16326531,18,1,0,15,13,3,4,0,2,19,0.28125,0.34285714,0.4375,0.3344197733061654,6785
"Total","Martin Perez","MIN",1,1,0,0,0,0,0,0,0,0,0,0,0,0,0,0,0,6902
"Total","Joakim Soria","OAK",27,62,9.97826087,12,3,1,17,17,0,4,1,1,15,0.22222222,0.27868852,0.31481481,0.2487660934527715,6941
"Total","Luis Garcia","LAA",14,29,7.36363637,6,1,0,7,6,0,3,0,0,7,0.24,0.31034483,0.28,0.2632960019440487,6984
"Total","Ian Kennedy","KCR",29,85,5.22580645,21,3,0,12,12,1,3,1,1,25,0.26923077,0.30487805,0.34615385,0.27744021239104094,6986
"Total","Ryan Pressly","HOU",23,47,7.71428571,9,1,0,11,10,3,3,0,0,15,0.21428571,0.26086957,0.45238095,0.29248244218204333,7005
"Total","Daniel Hudson","2 Tms",27,72,5.71153846,12,2,0,12,11,4,7,1,1,21,0.20338983,0.28169014,0.44067797,0.2895728477409908,7146
"Total","Jonny Venters","2 Tms",5,11,11.57142854,4,0,0,3,3,1,0,0,1,2,0.4,0.45454545,0.7,0.47887034849687055,7175
"Total","Greg Holland","ARI",19,52,6.75,8,2,0,9,9,1,11,1,0,13,0.2,0.36538462,0.325,0.3063499191228081,7196
"Total","Craig Stammen","SDP",42,93,5.01428572,18,2,0,17,13,4,6,2,0,19,0.20930233,0.25806452,0.37209302,0.257010307940808,7274
"Total","Dan Otero","CLE",1,1,0,0,0,0,0,0,0,0,0,0,0,0,0,0,0,7385
"Total","Javy Guerra","2 Tms",8,13,11.57142854,3,0,0,3,3,1,2,0,1,3,0.3,0.46153846,0.6,0.44450427477176374,7407
"Total","Jay Jackson","MIL",3,6,10.79999998,2,1,0,2,2,0,0,0,0,1,0.33333333,0.33333333,0.5,0.34771191080411273,7432
"Total","Wade Davis","COL",20,67,8.775,14,1,1,13,13,1,13,0,0,13,0.25925926,0.40298507,0.37037037,0.346637675121649,7441
"Total","Gio Gonzalez","MIL",1,1,0,0,0,0,0,0,0,0,0,0,0,0,0,0,0,7448
"Total","Anthony Swarzak","2 Tms",24,50,6.75,8,0,0,9,9,3,9,2,0,13,0.19512195,0.34,0.41463415,0.31247304504116374,7466
"Total","Collin McHugh","HOU",2,4,13.49999993,1,1,0,1,1,0,1,0,0,0,0.33333333,0.5,0.66666667,0.47673967480659485,7531
"Total","Jake McGee","COL",8,14,7.36363636,5,0,0,3,3,2,0,0,0,5,0.35714286,0.35714286,0.78571429,0.4634209999016353,7550
"Total","Nick Vincent","2 Tms",6,15,6.74999999,4,2,0,2,2,1,2,1,1,2,0.33333333,0.46666667,0.75,0.47514158487319946,7555
"Total","Tommy Milone","SEA",9,12,34.71428576,5,1,0,9,9,1,0,0,0,1,0.41666667,0.41666667,0.75,0.48041850825150806,7608
"Total","Neil Ramirez","CLE",1,1,9,1,1,0,1,1,0,0,0,0,0,1,1,2,1.21666419506073,7677
"Total","Juan Nicasio","PHI",15,40,10.8,11,3,0,12,10,2,5,1,0,7,0.32352941,0.41025641,0.58823529,0.40810227394104004,7731
"Total","Wily Peralta","KCR",14,41,10.38461538,11,1,0,10,10,3,5,0,1,7,0.31428571,0.41463415,0.6,0.4217856540912535,7738
"Total","Shawn Kelley","TEX",21,59,5.02325582,14,2,0,8,8,1,5,1,0,17,0.26923077,0.33333333,0.36538462,0.2982093298009464,7773
"Total","Richard Bleier","BAL",15,28,4.5,5,2,0,4,4,0,1,0,0,3,0.2,0.22222222,0.28,0.21231276679922034,7803
"Total","Hunter Strickland","2 Tms",11,23,12.6,5,1,0,7,7,1,2,0,2,4,0.27777778,0.39130435,0.5,0.3732192594072093,7836
"Total","Jerry Blevins","ATL",10,16,4.5,1,0,0,2,2,1,3,0,0,5,0.07692308,0.25,0.30769231,0.2506512254476547,7841
"Total","Cory Gearrin","2 Tms",18,36,9,9,0,0,9,9,1,5,0,1,4,0.3,0.41666667,0.4,0.3629745195309321,7947
"Total","Anthony Bass","SEA",21,47,8.48571428,7,1,0,11,11,2,5,2,0,9,0.17948718,0.26666667,0.35897436,0.24755927851033765,7982
"Total","Marcus Walden","BOS",24,50,7.81578947,11,5,0,11,11,1,4,1,0,16,0.23913043,0.3,0.41304348,0.2947301414548134,8004
"Total","Will Smith","SFG",41,114,1.4673913,17,2,1,5,5,2,9,2,0,44,0.16346154,0.22807018,0.25961538,0.2063282568539892,8048
"Total","Dan Jennings","WSN",2,6,81.00000081,3,0,0,4,3,1,1,0,0,1,0.6,0.66666667,1.2,0.7281741897265116,8073
"Total","Bryan Shaw","COL",23,49,11.7,15,5,1,13,13,2,4,1,2,8,0.34883721,0.42857143,0.65116279,0.4393328092992306,8110
"Total","David Robertson","PHI",4,12,3.375,1,0,0,1,1,0,3,0,0,1,0.11111111,0.33333333,0.11111111,0.24504089852174124,8241
"Total","Tony Sipp","WSN",12,18,18.69230771,4,0,0,9,9,0,0,0,1,3,0.25,0.27777778,0.25,0.2332025004757775,8280
"Total","Buddy Boshers","TOR",6,15,6,4,3,0,2,2,0,1,0,0,5,0.30769231,0.35714286,0.53846154,0.37213531136512756,8490
"Total","Justin Miller","WSN",4,6,10.79999998,2,0,0,2,2,2,0,0,0,2,0.33333333,0.33333333,1.33333333,0.6465120315551758,8580
"Total","Andrew Cashner","BOS",4,19,3.6,3,1,0,2,2,0,3,0,0,5,0.1875,0.31578947,0.25,0.2645664340571353,8782
"Total","Oliver Drake","TBR",16,30,2.07692308,1,0,0,2,2,0,4,0,0,12,0.03846154,0.16666667,0.03846154,0.12102617621421814,8823
"Total","Adam Warren","SDP",7,12,11.57142859,3,1,0,3,3,1,2,0,1,2,0.42857143,0.6,1,0.6125612497329712,9029
"Total","Jeanmar Gomez","TEX",1,3,13.49999993,1,1,0,1,1,0,0,0,0,0,0.5,0.33333333,1,0.40555473168691,9033
"Total","Kirby Yates","SDP",38,118,1.82022472,19,7,0,11,6,1,8,1,3,52,0.18095238,0.25641026,0.27619048,0.23285840297567434,9073
"Total","Brad Hand","CLE",34,93,5.90625,20,5,0,14,14,3,11,5,0,32,0.24691358,0.33695652,0.41975309,0.3043561324305918,9111
"Total","Nathan Eovaldi","BOS",2,6,5.39999999,1,1,0,1,1,0,0,0,0,3,0.16666667,0.16666667,0.33333333,0.202777365843455,9132
"Total","Alex Wilson","MIL",3,11,0,2,0,0,0,0,0,3,1,0,3,0.25,0.45454545,0.25,0.3119803547859192,9239
"Total","Jared Hughes","2 Tms",21,36,8.3076923,11,2,0,12,8,4,3,0,0,5,0.36666667,0.42424242,0.83333333,0.5033452312151591,9325
"Total","Josh Tomlin","ATL",11,28,2.45454546,6,0,1,2,2,0,2,0,0,5,0.24,0.28571429,0.32,0.2592014563935144,9388
"Total","Zac Rosscup","2 Tms",10,14,0,2,0,0,1,0,0,4,0,0,4,0.2,0.42857143,0.2,0.3214566111564636,9419
"Total","Ryan Buchter","OAK",17,21,4.5,4,1,0,2,2,1,5,0,0,5,0.26666667,0.42857143,0.53333333,0.3974708261943999,9456
"Total","Jeremy Jeffress","MIL",19,44,13.96551724,15,2,0,17,15,2,2,0,2,8,0.375,0.43181818,0.575,0.4249341230500828,9490
"Total","Brian Moran","MIA",4,6,0,1,0,1,0,0,0,1,1,0,2,0.2,0.33333333,0.6,0.30580308437347414,9646
"Total","David Hale","NYY",2,7,0,1,0,0,0,0,0,1,0,0,0,0.16666667,0.28571429,0.16666667,0.22284311056137085,9756
"Total","Joe Kelly","LAD",16,34,11.73913043,7,1,0,11,10,0,5,2,0,7,0.24137931,0.35294118,0.27586207,0.2657872289419174,9761
"Total","Sergio Romo","2 Tms",29,72,3.375,14,1,1,10,7,2,4,2,0,20,0.21538462,0.25,0.35384615,0.23859162160328456,9817
"Total","Chaz Roe","TBR",33,53,5.4,11,3,0,10,8,0,5,1,0,14,0.23404255,0.30188679,0.29787234,0.2570774761530069,9866
"Total","Brandon Kintzler","CHC",20,42,4.21875,7,1,0,6,5,0,6,2,1,7,0.2,0.33333333,0.22857143,0.2478675439953804,9939
"Total","Mike Dunn","COL",7,9,12,1,0,0,4,4,1,0,0,0,4,0.14285714,0.11111111,0.57142857,0.21550401051839194,9948
"Total","Kyle Gibson","MIN",4,7,4.5,1,0,0,1,1,1,0,0,0,3,0.14285714,0.14285714,0.57142857,0.2770765849522182,10123
"Total","Brad Boxberger","KCR",9,20,17.18181817,8,2,1,7,7,1,1,0,0,3,0.42105263,0.45,0.78947368,0.5035301744937897,10133
"Total","Ryan Weber","BOS",2,5,9,1,0,0,1,1,0,1,0,0,0,0.25,0.4,0.25,0.3119803547859192,10160
"Total","Shelby Miller","TEX",2,7,0,2,0,0,1,0,0,0,0,0,1,0.28571429,0.28571429,0.28571429,0.24845921993255615,10197
"Total","Aroldis Chapman","NYY",26,76,4.26315789,11,2,0,11,9,1,8,0,1,29,0.171875,0.26666667,0.25,0.2342839280764262,10233
"Total","Ryan Tepera","TOR",6,13,8.10000001,2,1,0,3,3,0,2,2,0,2,0.25,0.33333333,0.375,0.20862714648246766,10291
"Total","Juan Minaya","CHW",1,3,54.00000054,2,0,0,2,2,0,0,0,0,0,0.66666667,0.66666667,0.66666667,0.579738179842631,10341
"Total","Aaron Loup","SDP",1,1,0,0,0,0,0,0,0,0,0,0,0,0,0,0,0,10343
"Total","Robbie Erlin","SDP",8,10,11.57142859,3,0,0,3,3,1,1,0,0,2,0.33333333,0.4,0.66666667,0.436904513835907,10354
"Total","Mychal Givens","BAL",29,90,8.30769231,20,1,1,22,20,9,8,1,0,29,0.25,0.31111111,0.625,0.36921383624666193,10430
"Total","Jimmy Nelson","MIL",1,4,0,0,0,0,0,0,0,0,0,0,3,0,0,0,0,10547
"Total","Chad Bettis","COL",11,19,27.00000003,7,2,0,10,10,2,1,1,1,3,0.4375,0.5,0.9375,0.5670846069560331,10587
"Total","Scott Alexander","LAD",12,14,23.62499997,7,1,1,7,7,2,1,1,0,0,0.53846154,0.57142857,1.23076923,0.7102748935039227,10591
"Total","Trevor Rosenthal","2 Tms",9,16,27,3,0,0,9,9,0,3,0,1,4,0.27272727,0.46666667,0.27272727,0.3599280834197998,10745
"Total","Shane Greene","2 Tms",30,82,4.11864407,20,1,0,15,9,5,6,1,1,20,0.2739726,0.33333333,0.49315068,0.34074418619275093,10756
"Total","R.J. Alaniz","2 Tms",3,5,27.00000007,2,0,0,4,4,1,0,0,0,0,0.4,0.4,1,0.5618286728858948,10819
"Total","Adam Kolarek","2 Tms",21,38,5,8,0,0,5,5,0,6,2,1,7,0.25806452,0.39473684,0.25806452,0.28992366956339943,10843
"Total","Chasen Shreve","STL",1,2,0,0,0,0,0,0,0,0,0,1,1,0,0.5,0,0.3596079647541046,10855
"Total","Josh A. Smith","BOS",2,7,18,2,1,0,2,2,1,1,1,1,1,0.4,0.57142857,1.2,0.6459027032057444,10946
"Total","Ryan O'Rourke","NYM",1,3,0,0,0,0,0,0,0,2,0,0,0,0,0.66666667,0,0.4601963361104329,10976
"Total","Vince Velasquez","PHI",4,4,0,1,0,0,0,0,0,0,0,0,1,0.25,0.25,0.25,0.21740181744098663,11189
"Total","Grant Dayton","ATL",2,1,9,1,0,0,2,1,1,0,0,0,0,1,1,4,1.9395360946655273,11203
"Total","Casey Sadler","LAD",4,9,0,0,0,0,0,0,0,2,2,0,2,0,0.25,0,0,11209
"Total","Tyler Lyons","2 Tms",5,13,10.12499999,3,1,0,3,3,1,2,0,0,5,0.27272727,0.38461538,0.63636364,0.4158766590631925,11334
"Total","Tommy Kahnle","NYY",19,32,6.75,5,3,0,7,7,2,2,0,1,14,0.17241379,0.25,0.48275862,0.3009021785110235,11384
"Total","Jose Quintana","CHC",1,8,0,2,1,0,2,0,0,1,0,0,3,0.28571429,0.375,0.42857143,0.34707074612379074,11423
"Total","Drew Pomeranz","MIL",12,23,6.75,4,1,0,4,4,1,4,0,0,11,0.22222222,0.34782609,0.44444444,0.3328953411268151,11426
"Total","Brandon Workman","BOS",34,109,4.55844156,13,2,0,15,13,1,23,4,0,39,0.1547619,0.33333333,0.21428571,0.2517743534766711,11428
"Total","Jesse Biddle","2 Tms",8,17,10.79999998,5,0,0,5,2,0,7,0,0,1,0.55555556,0.70588235,0.55555556,0.5400057575281929,11437
"Total","Matt Grace","WSN",11,14,12,5,2,0,5,4,0,0,0,1,3,0.41666667,0.46153846,0.58333333,0.44318200991703915,11449
"Total","A.J. Cole","CLE",6,14,10.12499999,5,1,0,3,3,0,2,0,0,1,0.5,0.53846154,0.6,0.4673601755729088,11467
"Total","Josh Osich","CHW",11,21,4.76470588,3,0,0,3,3,1,2,1,0,5,0.15789474,0.23809524,0.31578947,0.2184522569179535,11528
"Total","Jose Urena","MIA",8,26,12.6,9,1,0,7,7,2,2,0,0,5,0.375,0.42307692,0.66666667,0.4497680388964139,11589
"Total","Dovydas Neverauskas","PIT",1,1,0,0,0,0,0,0,0,0,0,0,0,0,0,0,0,11604
"Total","Heath Hembree","BOS",9,19,1.8,3,2,0,1,1,0,1,0,1,6,0.17647059,0.26315789,0.29411765,0.24802347860838236,11632
"Total","Carlos Martinez","STL",26,71,7.13207547,18,3,0,14,14,0,4,0,0,22,0.27272727,0.30985915,0.31818182,0.2740180232155491,11682
"Total","Tayron Guerrero","MIA",13,18,22.09090907,6,1,0,9,9,2,2,0,0,1,0.375,0.44444444,0.8125,0.5047304001119401,11691
"Total","Nick Kingham","2 Tms",4,8,4.5,2,0,0,1,1,0,1,0,0,1,0.28571429,0.375,0.28571429,0.3036886304616928,11694
"Total","Sam Dyson","2 Tms",19,41,4.5,9,4,0,6,5,0,4,0,1,6,0.26470588,0.35897436,0.38235294,0.32551505321111435,11710
"Total","Luke Jackson","ATL",34,104,3.24,23,3,0,11,9,0,8,2,1,34,0.24468085,0.31067961,0.27659574,0.256466543910527,11752
"Total","Kyle Ryan","CHC",23,32,8.2173913,8,0,0,7,7,1,3,0,0,4,0.2962963,0.34375,0.40740741,0.31555220298469067,11753
"Total","Drew Smyly","TEX",2,5,94.49999953,3,0,1,8,7,1,0,0,0,0,0.6,0.6,1.6,0.8676317572593689,11760
"Total","Hansel Robles","LAA",31,85,3.27272727,19,4,0,8,8,1,6,1,0,20,0.25333333,0.30120482,0.34666667,0.27356301429795055,11801
"Total","Hector Neris","PHI",39,108,5.0625,17,3,0,16,15,5,12,1,3,30,0.18681319,0.29906542,0.38461538,0.2917455266106804,11804
"Total","Chris Martin","2 Tms",24,56,3.85714286,13,1,0,7,7,2,0,0,0,21,0.23636364,0.23214286,0.36363636,0.24628230503627233,11847
"Total","Jason Adam","TOR",5,12,2.7,2,1,0,1,1,0,1,1,0,4,0.2,0.25,0.3,0.1896610422567888,11861
"Total","Enderson Franco","SFG",2,2,13.49999993,0,0,0,1,1,0,0,0,0,0,0,0,0,0,11896
"Total","Michael Feliz","PIT",13,27,3.85714286,3,1,0,3,3,2,3,0,1,11,0.13043478,0.25925926,0.43478261,0.2920679935702571,11903
"Total","Taylor Cole","LAA",11,22,5.68421053,5,3,0,4,4,0,2,1,0,3,0.26315789,0.31818182,0.42105263,0.28950007756551105,11964
"Total","Matt Andriese","ARI",15,58,6.23076923,15,5,0,9,9,0,5,1,1,15,0.29411765,0.36206897,0.39215686,0.32034715121252494,12022
"Total","Brian Flynn","KCR",5,14,3.375,5,1,0,1,1,1,3,2,0,2,0.5,0.61538462,0.9,0.5868469639257952,12027
"Total","Felipe Vazquez","PIT",27,82,1.22727273,13,3,1,4,3,1,2,0,1,27,0.16455696,0.19512195,0.26582278,0.19725862436178254,12076
"Total","Yimi Garcia","LAD",10,16,23.14285718,4,2,0,8,6,0,3,2,2,4,0.4,0.6,0.6,0.4847130225254939,12095
"Total","Parker Markel","PIT",3,8,0,0,0,0,0,0,0,2,0,0,0,0,0.25,0,0.17257362604141235,12106
"Total","Cody Allen","LAA",4,12,11.57142859,3,1,0,3,3,1,1,0,0,5,0.3,0.33333333,0.7,0.3930085053046544,12183
"Total","Dan Winkler","ATL",11,18,8.30769231,4,0,0,4,4,1,2,0,0,4,0.25,0.33333333,0.4375,0.32938593957159257,12237
"Total","Aaron Brooks","2 Tms",2,3,0,0,0,0,0,0,0,1,0,0,0,0,0.33333333,0,0.23009816805521646,12272
"Total","Evan Marshall","CHW",20,37,11.04545455,14,2,0,10,9,2,5,1,0,4,0.4375,0.51351351,0.6875,0.49360142482651603,12297
"Total","Jacob Barnes","2 Tms",4,7,45,1,0,0,6,5,1,3,1,0,0,0.25,0.57142857,1,0.5533541838328043,12323
"Total","Nick Tropeano","LAA",1,2,26.99999987,1,0,0,2,2,1,0,0,0,0,0.5,0.5,2,0.9697680473327637,12385
"Total","Seth Lugo","NYM",31,86,3.42253521,15,1,0,9,9,1,6,4,0,26,0.18987342,0.24705882,0.24050633,0.19557634327146742,12447
"Total","Chasen Bradford","SEA",3,5,0,0,0,0,0,0,0,1,0,0,1,0,0.2,0,0.13805890083312988,12452
"Total","Drew Gagnon","NYM",4,12,6.74999999,3,2,0,2,2,0,0,0,0,2,0.25,0.25,0.41666667,0.2752446383237839,12545
"Total","Blake Treinen","OAK",33,101,3.97058823,18,2,0,11,10,1,19,1,1,24,0.2278481,0.38,0.29113924,0.3087019246033948,12572
"Total","Nick Ramirez","DET",15,33,10.125,8,3,1,9,9,2,3,1,0,8,0.26666667,0.33333333,0.63333333,0.380558867007494,12575
"Total","DJ Johnson","COL",10,23,1.5,1,1,0,1,1,0,4,2,1,5,0.05555556,0.26086957,0.11111111,0.157927101566678,12578
"Total","Adam Morgan","PHI",15,26,7.94117647,7,2,0,6,5,0,1,1,1,3,0.29166667,0.34615385,0.375,0.3000232267379761,12580
"Total","Mike Wright Jr.","BAL",3,3,53.99999973,1,0,0,4,4,1,0,0,0,2,0.33333333,0.33333333,1.33333333,0.6465120315551758,12586
"Total","Roenis Elias","2 Tms",21,59,6.75,15,3,0,11,10,3,4,1,0,13,0.28301887,0.32758621,0.50943396,0.33975350543072347,12673
"Total","Ryne Harper","MIN",19,28,9,8,2,0,8,6,2,1,0,1,4,0.33333333,0.37037037,0.66666667,0.41482741082156144,12680
"Total","Adrian Houser","MIL",4,21,1.58823529,2,0,0,1,1,0,3,1,0,4,0.125,0.23809524,0.125,0.1559901773929596,12718
"Total","Rafael Montero","TEX",7,25,2.57142857,6,0,0,2,2,1,1,0,0,2,0.25,0.28,0.375,0.2791146779060364,12760
"Total","Chris Devenski","HOU",7,23,5.0625,3,2,0,3,3,0,4,0,0,8,0.15789474,0.30434783,0.26315789,0.26365711637165234,12763
"Total","Jairo Diaz","COL",22,51,7.10526316,11,1,2,10,10,3,5,0,0,12,0.24444444,0.31372549,0.55555556,0.35083945475372613,12774
"Total","John Brebbia","STL",14,30,12.70588235,7,1,0,8,8,1,6,1,0,7,0.29166667,0.43333333,0.45833333,0.3777830744611806,12777
"Total","Sam Gaviglio","TOR",7,9,27,2,1,0,6,6,0,2,0,0,2,0.33333333,0.44444444,0.5,0.3852067192395528,12778
"Total","Burch Smith","2 Tms",5,17,0,3,1,0,1,0,0,4,2,0,5,0.23076923,0.41176471,0.30769231,0.2890978495279948,12784
"Total","Cody Anderson","CLE",1,2,0,1,1,0,0,0,0,0,0,0,0,0.5,0.5,1,0.608332097530365,12799
"Total","Noe Ramirez","LAA",4,9,9,4,0,1,2,2,0,0,0,0,1,0.44444444,0.44444444,0.66666667,0.4597596923510234,12800
"Total","Matt Wisler","2 Tms",10,30,15.88235293,8,1,0,10,10,2,4,0,0,9,0.30769231,0.4,0.57692308,0.4068316916624705,12804
"Total","Andrew Kittredge","TBR",4,7,0,0,0,0,0,0,0,1,0,0,1,0,0.14285714,0,0.09861350059509277,12828
"Total","Shawn Armstrong","2 Tms",21,58,7.29729729,15,2,0,10,10,1,7,0,0,14,0.30612245,0.37931034,0.40816327,0.3386243663985154,12857
"Total","Matt Barnes","BOS",44,104,5.55882353,23,3,0,15,14,3,13,1,1,39,0.25555556,0.35576923,0.38888889,0.32286091684137735,12863
"Total","Danny Hultzen","CHC",1,1,0,1,0,0,0,0,0,0,0,0,0,1,1,1,0.8696072697639465,12874
"Total","Alex Claudio","MIL",26,31,7.875,7,1,0,7,7,1,3,1,0,5,0.25925926,0.33333333,0.40740741,0.3063732981681824,12890
"Total","Ken Giles","TOR",28,83,2.25,17,5,0,5,5,2,9,1,0,33,0.22972973,0.31325301,0.37837838,0.29488807189755323,12910
"Total","Archie Bradley","ARI",29,89,3.375,16,3,1,10,8,1,9,0,4,22,0.22222222,0.33333333,0.33333333,0.29624986580048485,12918
"Total","Gabriel Ynoa","BAL",6,11,18,3,1,0,6,6,1,0,0,0,2,0.27272727,0.27272727,0.63636364,0.3659825054082004,12938
"Total","Joe Ross","WSN",5,16,36,9,4,0,8,8,1,2,0,0,2,0.64285714,0.6875,1.14285714,0.7290756851434708,12972
"Total","Andrew Chafin","ARI",30,54,5.68421052,12,0,0,9,8,2,6,0,0,23,0.25531915,0.33962264,0.38297872,0.3154134323012154,12988
"Total","Colten Brewer","BOS",12,25,5.0625,9,3,0,3,3,0,2,0,0,3,0.42857143,0.45833333,0.57142857,0.427009383837382,12997
"Total","Robby Scott","ARI",1,1,0,0,0,0,0,0,0,0,0,0,1,0,0,0,0,13042
"Total","Reymin Guduan","HOU",1,1,0,1,1,0,0,0,0,0,0,0,0,1,1,2,1.21666419506073,13058
"Total","Wei-Yin Chen","MIA",5,9,16.19999997,5,1,0,3,3,2,0,0,0,2,0.55555556,0.55555556,1.33333333,0.7594389915466309,13071
"Total","Derek Law","TOR",18,54,8.18181818,12,4,0,10,10,1,10,2,0,8,0.27906977,0.41509434,0.44186047,0.36109411365845623,13133
"Total","Kyle Crick","PIT",22,61,13.13513514,18,1,1,20,18,5,8,0,2,15,0.36,0.45901639,0.72,0.4749152122950945,13182
"Total","Adalberto Mejia","2 Tms",9,19,17.18181817,6,2,1,7,7,2,3,0,0,3,0.4,0.47368421,1.06666667,0.567468778083199,13188
"Total","Joe Biagini","2 Tms",20,42,4.5,7,1,1,6,5,1,5,3,0,13,0.18918919,0.28571429,0.35135135,0.24472394356360802,13194
"Total","Ross Stripling","LAD",4,10,13.5,1,1,0,3,3,0,3,0,0,2,0.14285714,0.4,0.28571429,0.3287547707557678,13273
"Total","Matt Carasiti","SEA",1,5,0,0,0,0,0,0,0,2,0,0,1,0,0.4,0,0.27611780166625977,13276
"Total","Jesse Hahn","KCR",1,5,13.49999993,1,1,0,1,1,0,2,1,0,2,0.33333333,0.6,0.66666667,0.47673967480659485,13287
"Total","James Pazos","COL",1,2,0,0,0,0,0,0,0,0,0,0,1,0,0,0,0,13323
"Total","Adrian Sampson","TEX",7,13,4.9090909,1,0,0,2,2,0,2,0,0,4,0.09090909,0.23076923,0.09090909,0.17309202139194196,13339
"Total","Luis Cessa","NYY",10,22,0,2,0,0,2,0,0,3,0,0,8,0.11111111,0.22727273,0.11111111,0.17318627509203824,13345
"Total","Cam Bedrosian","LAA",18,41,5.72727273,8,0,0,9,7,2,2,0,0,11,0.20512821,0.24390244,0.35897436,0.25554401990843983,13360
"Total","Steven Matz","NYM",1,4,0,2,0,0,0,0,0,0,0,0,0,0.5,0.5,0.5,0.43480363488197327,13361
"Total","Dylan Floro","LAD",16,36,6.75,12,3,0,6,5,1,3,2,0,8,0.38709677,0.44117647,0.58064516,0.41364629194140434,13394
"Total","Sam Selman","SFG",2,4,54.00000054,2,0,0,2,2,1,1,0,0,1,0.66666667,0.75,1.66666667,0.8748594671487808,13397
"Total","Felix Pena","LAA",6,12,19.28571431,2,1,0,7,5,0,1,0,0,4,0.2,0.25,0.3,0.2313804974158605,13403
"Total","Drew VerHagen","DET",7,15,8.30769231,2,1,0,4,4,1,1,1,1,4,0.16666667,0.26666667,0.5,0.2768154442310333,13424
"Total","Mike Morin","2 Tms",14,32,8.52631578,10,1,0,6,6,1,4,0,1,2,0.4,0.48387097,0.56,0.4384984643228592,13442
"Total","Taylor Rogers","MIN",37,124,4.65517241,29,6,0,15,15,4,7,2,3,34,0.26126126,0.32231405,0.42342342,0.3125192267554147,13449
"Total","Lucas Sims","CIN",3,5,0,0,0,0,0,0,0,0,0,0,1,0,0,0,0,13470
"Total","Connor Sadzeck","SEA",3,5,6.75000002,1,0,0,1,1,1,0,0,0,1,0.2,0.2,0.8,0.3879072189331055,13483
"Total","Sam Tuivailala","SEA",8,11,6,1,0,1,2,2,0,1,0,0,5,0.11111111,0.18181818,0.33333333,0.20175544782118363,13485
"Total","Brandon Brennan","SEA",18,49,10.02857143,9,2,0,14,13,2,7,2,0,11,0.225,0.32653061,0.425,0.3002533925340531,13527
"Total","Matt Bowman","CIN",2,3,0,0,0,0,0,0,0,0,0,0,2,0,0,0,0,13528
"Total","Roman Quinn","PHI",1,8,6.75000002,2,0,0,1,1,0,3,1,0,0,0.4,0.625,0.4,0.4456862211227417,13546
"Total","Richard Rodriguez","PIT",18,41,7.2,8,0,0,9,8,2,2,0,0,5,0.20512821,0.24390244,0.35897436,0.25554401990843983,13549
"Total","Robert Stephenson","CIN",16,29,9,7,0,0,7,7,3,1,1,0,6,0.25,0.27586207,0.57142857,0.3320370486804417,13594
"Total","Carl Edwards Jr.","CHC",7,11,27,4,1,0,6,6,2,1,0,1,2,0.44444444,0.54545455,1.22222222,0.6704412807117809,13607
"Total","Taylor Guerrieri","TEX",3,5,0,1,0,1,1,0,0,0,0,0,0,0.2,0.2,0.6,0.30580308437347414,13616
"Total","Josh D. Smith","MIA",1,1,0,0,0,0,0,0,0,0,0,0,0,0,0,0,0,13629
"Total","Clay Holmes","PIT",6,14,23.14285718,3,0,0,10,6,1,2,0,1,3,0.27272727,0.42857143,0.54545455,0.41275396943092346,13649
"Total","John Gant","STL",23,50,6.75,8,1,1,9,9,0,11,0,0,6,0.20512821,0.38,0.28205128,0.3111312556266785,13684
"Total","Nick Goody","CLE",14,31,7.04347826,6,0,1,8,6,3,3,0,0,8,0.22222222,0.29032258,0.62962963,0.35992650831899337,13685
"Total","Sal Romano","CIN",3,3,0,0,0,0,0,0,0,0,0,0,0,0,0,0,0,13690
"Total","Robert Gsellman","NYM",23,45,11.25,8,4,0,15,15,1,3,0,1,6,0.2,0.26666667,0.375,0.271224758360121,13696
"Total","Jake Faria","2 Tms",3,7,0,1,0,0,0,0,0,2,0,0,0,0.2,0.42857143,0.2,0.3214566111564636,13699
"Total","Kyle Barraclough","2 Tms",15,32,4.76470589,10,1,0,5,3,1,3,0,1,6,0.37037037,0.4375,0.51851852,0.40322368405759335,13713
"Total","Max Fried","ATL",1,3,0,0,0,0,0,0,0,2,0,0,0,0,0.66666667,0,0.4601963361104329,13743
"Total","Tyler Duffey","MIN",16,36,0.96428571,5,2,0,2,1,0,2,0,1,12,0.15625,0.22857143,0.21875,0.20405586106436593,13758
"Total","Chris Stratton","PIT",4,19,0,3,1,0,3,0,0,5,0,0,2,0.21428571,0.42105263,0.28571429,0.33722901344299316,13761
"Total","Dominic Leone","STL",5,15,0,2,0,0,3,0,1,3,1,0,4,0.16666667,0.33333333,0.41666667,0.2992665980543409,13763
"Total","Roberto Osuna","HOU",34,110,4.10126582,23,4,0,13,12,3,6,0,2,31,0.23,0.28440367,0.36,0.27687321343553173,13764
"Total","Zach Eflin","PHI",1,2,0,0,0,0,0,0,0,0,0,0,1,0,0,0,0,13774
"Total","Daniel Stumpf","DET",17,25,7.2,8,1,1,5,4,0,3,0,0,6,0.38095238,0.44,0.52380952,0.40136826992034913,13780
"Total","Matt Strahm","SDP",9,18,9,4,0,0,5,5,0,2,1,0,3,0.25,0.33333333,0.25,0.24521903430714326,13799
"Total","Austin Adams","SEA",8,19,7.2,3,0,0,4,4,0,3,0,0,8,0.1875,0.31578947,0.1875,0.24630028009414673,13801
"Total","Walker Lockett","NYM",1,1,0,1,0,0,0,0,0,0,0,0,0,1,1,1,0.8696072697639465,13804
"Total","Alec Mills","CHC",1,1,0,0,0,0,0,0,0,0,0,0,1,0,0,0,0,13834
"Total","Paul Sewald","NYM",5,4,36,1,0,0,4,4,1,0,0,0,0,0.25,0.25,1,0.48488402366638184,13892
"Total","Chris Flexen","NYM",2,13,21.59999996,4,3,0,4,4,0,4,1,0,1,0.44444444,0.61538462,0.77777778,0.5492069472869238,13896
"Total","Scott Oberg","COL",22,75,1.44642857,14,0,1,7,3,1,8,2,0,17,0.20895522,0.29333333,0.28358209,0.24720007916019388,13911
"Total","Brent Suter","MIL",3,7,0,1,0,0,0,0,0,1,0,0,1,0.16666667,0.28571429,0.16666667,0.22284311056137085,13942
"Total","Tim Peterson","NYM",1,1,0,0,0,0,0,0,0,0,0,0,0,0,0,0,0,13946
"Total","Ryan Dull","NYY",1,3,18,1,1,0,2,2,0,2,0,0,0,1,1,2,0.8657510677973429,13974
"Total","Michael Wacha","STL",1,2,13.49999993,1,1,0,1,1,0,0,0,0,0,0.5,0.5,1,0.608332097530365,14078
"Total","Branden Kline","BAL",11,23,15.88235293,6,1,0,10,10,3,2,0,0,6,0.3,0.36363636,0.8,0.46159436485984107,14101
"Total","Kevin Gausman","CIN",4,12,3.85714286,3,1,0,1,1,0,2,1,0,3,0.3,0.41666667,0.4,0.3314702944322066,14107
"Total","Chris Mazza","NYM",1,7,18,4,2,0,2,2,0,0,0,1,0,0.66666667,0.71428571,1,0.698822694165366,14151
"Total","Kyle Zimmer","KCR",2,2,54.00000054,0,0,0,2,2,0,1,0,0,0,0,0.5,0,0.3451472520828247,14169
"Total","Josh Hader","MIL",38,111,3.76744186,15,2,0,14,12,8,11,0,2,57,0.15306122,0.25225225,0.41836735,0.282246170280216,14212
"Total","Ray Black","MIL",3,2,108.00000108,1,0,0,4,4,1,0,0,0,0,0.5,0.5,2,0.9697680473327637,14244
"Total","Brian Johnson","BOS",2,8,9,3,2,0,1,1,0,2,2,0,1,0.5,0.625,0.83333333,0.5504892766475677,14272
"Total","Luke Bard","LAA",8,18,9.64285714,4,1,0,6,5,1,1,1,0,4,0.23529412,0.27777778,0.47058824,0.2879655781914206,14288
"Total","Wandy Peralta","2 Tms",10,18,10.38461539,3,0,0,5,5,2,2,0,0,3,0.1875,0.27777778,0.5625,0.3405149148570167,14295
"Total","Williams Jerez","2 Tms",3,11,4.5,3,1,0,1,1,1,2,0,0,2,0.33333333,0.45454545,0.77777778,0.49149059707468207,14338
"Total","Amir Garrett","CIN",30,47,6.54545455,9,1,0,10,8,2,6,1,1,14,0.225,0.34042553,0.4,0.31487105333286786,14375
"Total","Wei-Chung Wang","OAK",1,1,0,0,0,0,0,0,0,0,0,0,0,0,0,0,0,14382
"Total","Adam Conley","MIA",19,52,16.61538461,14,3,0,17,16,1,9,3,3,3,0.38888889,0.53061224,0.55555556,0.44750035197838495,14457
"Total","J.B. Wendelken","OAK",6,18,4.15384616,2,0,1,2,2,0,3,2,0,3,0.14285714,0.29411765,0.28571429,0.2059278130531311,14506
"Total","Randy Rosario","2 Tms",4,3,27.00000027,1,1,0,1,1,0,1,0,0,0,0.5,0.66666667,1,0.6356528997421265,14508
"Total","Dereck Rodriguez","SFG",2,12,10.12499999,3,0,0,3,3,1,1,0,0,3,0.27272727,0.33333333,0.54545455,0.3640870948632558,14509
"Total","Jose Leclerc","TEX",27,84,7.71428571,16,5,0,16,16,3,14,1,1,21,0.24615385,0.38271605,0.46153846,0.3568978987634182,14524
"Total","Jorge Lopez","KCR",6,14,6.74999999,4,1,0,3,2,0,2,0,0,5,0.33333333,0.42857143,0.41666667,0.3718625009059906,14527
"Total","Carlos Estevez","COL",21,43,4.09090909,7,1,0,5,5,0,4,0,0,11,0.18918919,0.26190476,0.21621622,0.2189401388168335,14542
"Total","Jose Ruiz","CHW",7,24,16.20000002,10,1,0,6,6,0,3,1,1,4,0.52631579,0.60869565,0.57894737,0.5064970254898071,14552
"Total","James Hoyt","CLE",1,2,0,0,0,0,0,0,0,0,0,0,2,0,0,0,0,14605
"Total","Rowan Wick","CHC",12,27,6.13636364,1,0,0,5,5,0,5,1,0,9,0.04761905,0.23076923,0.04761905,0.14523141145706175,14646
"Total","Jandel Gustave","SFG",7,11,3.85714286,3,0,0,3,1,0,1,0,0,1,0.3,0.36363636,0.3,0.29991966485977173,14665
"Total","Dillon Maples","CHC",3,5,0,0,0,0,0,0,0,4,0,0,0,0,0.8,0,0.5522356033325195,14672
"Total","Duane Underwood Jr.","CHC",1,1,0,0,0,0,0,0,0,0,0,0,0,0,0,0,0,14677
"Total","Luis Perdomo","SDP",11,24,18,9,0,0,8,8,2,4,0,0,3,0.47368421,0.56521739,0.78947368,0.5533696127974469,14682
"Total","Keone Kela","PIT",13,33,6.75,9,2,0,6,6,3,1,0,0,7,0.28125,0.3030303,0.625,0.37638364416180237,14696
"Total","Edwin Diaz","NYM",34,94,6.75,23,6,0,16,16,4,7,3,2,35,0.2804878,0.34408602,0.5,0.33958482146263125,14710
"Total","Ty Buttrey","LAA",34,84,9,21,3,0,21,19,2,6,0,2,20,0.28378378,0.3452381,0.40540541,0.32170214255650836,14719
"Total","Paul Blackburn","OAK",1,4,13.49999993,2,1,0,1,1,0,0,0,0,0,0.66666667,0.66666667,1,0.6954238216082255,14739
"Total","Tyler Olson","CLE",6,8,9,3,0,0,1,1,0,2,0,0,1,0.5,0.625,0.5,0.4986763522028923,14741
"Total","Wes Parsons","2 Tms",8,15,4.5,2,0,0,2,2,1,3,1,0,5,0.16666667,0.33333333,0.41666667,0.2992665980543409,14764
"Total","Julio Urias","LAD",11,29,9.52941176,6,1,0,10,6,1,7,1,0,4,0.28571429,0.44827586,0.47619048,0.3848712997777121,14765
"Total","Emilio Pagan","TBR",34,78,2.7,17,3,1,6,6,3,3,1,1,29,0.22972973,0.26923077,0.41891892,0.28303238865617036,14771
"Total","Ryan Eades","BAL",2,8,10.79999998,2,0,0,2,2,1,2,0,0,0,0.33333333,0.5,0.83333333,0.5237165465950966,14808
"Total","Buck Farmer","DET",29,54,5.26829268,12,3,0,10,8,1,4,0,2,11,0.27272727,0.33962264,0.40909091,0.31596220214411896,14814
"Total","Dylan Covey","CHW",2,5,0,2,0,0,1,0,0,2,1,0,0,0.66666667,0.8,0.66666667,0.6073772609233856,14825
"Total","Michael Lorenzen","CIN",33,68,5.4,10,3,0,13,11,4,5,0,0,18,0.16393443,0.2238806,0.40983607,0.2607228551337968,14843
"Total","Zack Godley","2 Tms",4,8,0,0,0,0,0,0,0,0,0,1,3,0,0.125,0,0.08990199118852615,14862
"Total","Nick Rumbelow","SEA",1,2,0,0,0,0,0,0,0,0,0,0,1,0,0,0,0,14867
"Total","Taylor Williams","MIL",2,15,2.45454545,3,0,0,2,1,0,2,1,0,4,0.23076923,0.33333333,0.23076923,0.2356511652469635,14899
"Total","Jon Gray","COL",1,4,0,0,0,0,0,0,0,3,2,0,0,0,0.75,0,0.3451472520828247,14916
"Total","Reyes Moronta","SFG",28,72,5.94,14,4,0,12,11,2,9,1,0,28,0.2295082,0.32394366,0.39344262,0.30321347372872487,14966
"Total","Tyler Webb","STL",8,11,11.57142859,2,0,0,3,3,0,3,1,0,1,0.25,0.45454545,0.25,0.3119803547859192,14974
"Total","Giovanny Gallegos","STL",20,33,3.375,3,0,0,4,4,2,0,0,1,13,0.09677419,0.12121212,0.29032258,0.16569379965464273,14986
"Total","Scott Barlow","KCR",30,60,5.52272727,8,1,0,9,9,2,9,1,0,20,0.16326531,0.28813559,0.30612245,0.25803670287132263,14993
"Total","Yacksel Rios","PIT",1,1,0,0,0,0,0,0,0,0,0,0,0,0,0,0,0,15007
"Total","Alex Reyes","STL",2,6,18,0,0,0,2,2,0,3,0,0,0,0,0.5,0,0.3451472520828247,15015
"Total","Victor Alcantara","DET",13,19,5.4,5,2,0,4,3,1,0,0,0,1,0.27777778,0.27777778,0.55555556,0.33955994579527116,15028
"Total","Tim Mayza","TOR",19,28,10.79999999,6,2,0,8,8,2,3,0,0,9,0.24,0.32142857,0.56,0.36151780826704843,15042
"Total","Lou Trivino","OAK",30,76,6.87272727,13,4,0,16,14,2,9,1,1,21,0.20967742,0.31081081,0.37096774,0.28869249069527403,15043
"Total","Trevor Gott","SFG",17,28,8.2173913,5,1,0,7,7,0,0,0,1,8,0.2,0.21428571,0.24,0.1933681858437402,15046
"Total","Yency Almonte","COL",7,15,8.10000001,3,1,0,3,3,1,1,0,1,1,0.25,0.33333333,0.58333333,0.36235453287760416,15068
"Total","Hunter Wood","TBR",3,9,0,1,0,0,0,0,0,0,0,0,1,0.11111111,0.11111111,0.11111111,0.09662302997377184,15091
"Total","Luke Farrell","TEX",1,4,0,1,0,0,0,0,0,0,0,0,2,0.25,0.25,0.25,0.21740181744098663,15101
"Total","Jimmie Sherfy","ARI",4,11,7.71428573,0,0,0,2,2,0,4,0,0,3,0,0.36363636,0,0.25101618333296344,15118
"Total","Jake Newberry","KCR",6,11,0,2,0,0,0,0,0,3,0,0,2,0.25,0.45454545,0.25,0.3463725501840765,15136
"Total","Jimmy Yacabonis","BAL",3,5,0,1,1,0,0,0,0,1,0,0,1,0.25,0.4,0.5,0.38139173984527586,15157
"Total","Glenn Sparkman","KCR",1,1,0,0,0,0,0,0,0,0,0,0,0,0,0,0,0,15200
"Total","Tyler Bashlor","NYM",4,9,13.5,2,1,0,3,3,0,1,1,0,2,0.33333333,0.375,0.5,0.2980387806892395,15203
"Total","Kevin McCarthy","KCR",17,48,10.8,17,6,0,10,10,0,6,4,1,5,0.43589744,0.5106383,0.58974359,0.4410574436187744,15240
"Total","Shane Carle","ATL",1,2,0,0,0,0,0,0,0,1,1,0,0,0,0.5,0,0,15258
"Total","Keynan Middleton","LAA",4,9,0,2,0,0,0,0,0,1,0,0,1,0.25,0.33333333,0.25,0.2699454492992825,15264
"Total","Jacob Rhame","NYM",1,9,0,0,0,0,1,0,0,3,0,0,3,0,0.33333333,0,0.23009816805521646,15267
"Total","Zac Reininger","DET",4,6,20.25000005,2,1,0,3,3,0,0,0,0,0,0.33333333,0.33333333,0.5,0.34771191080411273,15285
"Total","Adam Cimber","CLE",31,56,5.74468085,10,3,1,11,10,1,3,1,1,11,0.2,0.25454545,0.36,0.25122935904396904,15288
"Total","Austin Pruitt","TBR",3,5,54.00000014,2,0,0,8,8,2,0,0,0,0,0.4,0.4,1.6,0.775814437866211,15290
"Total","Steven Brault","PIT",2,6,4.5,0,0,0,1,1,0,1,0,1,2,0,0.33333333,0,0.23491840561230978,15291
"Total","Mike Mayers","STL",2,2,81.00000081,1,0,0,3,3,1,0,0,0,0,0.5,0.5,2,0.9697680473327637,15451
"Total","Nick Pivetta","PHI",6,24,3.85714285,7,1,2,6,2,0,2,0,0,9,0.31818182,0.375,0.54545455,0.3805713802576065,15454
"Total","Jose De Leon","TBR",1,3,0,1,0,0,1,0,0,0,0,0,1,0.33333333,0.33333333,0.33333333,0.2898690899213155,15463
"Total","Kohl Stewart","MIN",1,3,27.00000027,2,0,0,1,1,0,0,0,0,0,0.66666667,0.66666667,0.66666667,0.579738179842631,15502
"Total","Hunter Harvey","BAL",2,5,0,0,0,0,0,0,0,2,0,0,3,0,0.4,0,0.27611780166625977,15507
"Total","Eric Yardley","SDP",3,4,9,1,0,0,2,1,0,0,0,0,0,0.25,0.25,0.25,0.21740181744098663,15538
"Total","Tyler Rogers","SFG",8,13,3,2,1,0,2,1,0,0,0,1,4,0.18181818,0.25,0.27272727,0.23379061619440714,15541
"Total","Chad Green","NYY",13,21,9,2,2,0,6,5,0,3,0,0,6,0.11764706,0.23809524,0.23529412,0.21448628107706705,15552
"Total","Nick Wittgren","CLE",19,40,1.6875,4,2,0,3,2,1,4,1,0,11,0.11111111,0.2,0.25,0.18752192992430466,15594
"Total","Phillips Valdez","TEX",1,1,9,0,0,0,1,1,0,1,0,0,0,0,1,0,0.6902945041656494,15605
"Total","Yefry Ramirez","BAL",1,1,0,0,0,0,0,0,0,0,0,0,0,0,0,0,0,15655
"Total","Miguel Castro","BAL",16,34,12.91304347,8,0,0,11,11,3,3,1,0,8,0.26666667,0.32352941,0.56666667,0.34991617094386707,15684
"Total","Jimmy Cordero","2 Tms",10,17,3.85714286,1,0,0,2,2,0,1,0,1,7,0.06666667,0.17647059,0.06666667,0.13406574726104736,15690
"Total","Joe Jimenez","DET",32,61,5.4,11,2,1,10,9,1,5,0,2,22,0.2037037,0.29508197,0.33333333,0.2767054946696172,15761
"Total","Masahiro Tanaka","NYY",1,1,0,0,0,0,0,0,0,0,0,0,0,0,0,0,0,15764
"Total","Devin Williams","MIL",1,1,0,0,0,0,0,0,0,0,0,0,1,0,0,0,0,15816
"Total","Zack Littell","MIN",5,20,1.8,4,0,0,1,1,1,2,1,0,4,0.23529412,0.31578947,0.41176471,0.2910362448957231,15823
"Total","Paul Fry","BAL",27,55,11.11764706,13,5,0,15,14,1,8,1,2,13,0.29545455,0.42592593,0.47727273,0.38453964804703333,15832
"Total","Wander Suero","WSN",28,66,13.82926829,19,6,0,21,21,2,8,1,0,14,0.34545455,0.40909091,0.56363636,0.393489213173206,15855
"Total","Stephen Tarpley","NYY",3,5,9,0,0,0,2,2,0,0,0,0,5,0,0,0,0,15859
"Total","Fernando Romero","MIN",2,3,26.99999987,0,0,0,3,2,0,0,0,0,0,0,0,0,0,15885
"Total","Lewis Thorpe","MIN",5,10,10.12499999,3,1,1,3,3,0,0,0,0,1,0.33333333,0.3,0.66666667,0.36152868866920473,15906
"Total","Victor Arano","PHI",1,2,0,0,0,0,0,0,0,0,0,0,2,0,0,0,0,15915
"Total","Ryne Stanek","2 Tms",13,38,6.13636364,8,1,0,7,5,1,10,1,0,9,0.2962963,0.47368421,0.44444444,0.39422957961623734,15947
"Total","Stefan Crichton","ARI",3,4,9,1,1,0,1,1,0,0,0,0,3,0.25,0.25,0.5,0.3041660487651825,16058
"Total","Nick Burdi","PIT",6,13,6.74999999,4,1,1,2,2,0,1,0,0,6,0.33333333,0.38461538,0.58333333,0.3980914354324341,16074
"Total","Edubray Ramos","PHI",4,6,0,1,1,0,0,0,0,0,0,0,2,0.16666667,0.16666667,0.33333333,0.202777365843455,16086
"Total","Cy Sneed","HOU",1,4,13.49999993,2,0,0,1,1,0,0,0,0,1,0.66666667,0.66666667,0.66666667,0.579738179842631,16106
"Total","Daniel Ponce de Leon","STL",1,11,0,2,1,0,0,0,0,2,1,0,3,0.22222222,0.36363636,0.33333333,0.2776565968990326,16110
"Total","Jordan Romano","TOR",7,17,13.5,2,0,0,6,6,1,2,0,1,8,0.14285714,0.29411765,0.35714286,0.2887616648393519,16122
"Total","David Hess","BAL",2,9,0,1,0,0,1,0,0,1,0,1,1,0.16666667,0.33333333,0.16666667,0.25323530038197833,16130
"Total","Justin Shafer","TOR",7,23,3.6,6,0,0,2,2,0,4,2,0,3,0.31578947,0.43478261,0.31578947,0.314201553662618,16132
"Total","Jace Fry","CHW",16,35,10.28571429,7,3,0,9,8,0,6,3,0,11,0.24137931,0.37142857,0.34482759,0.2874782867729664,16159
"Total","Justin Anderson","LAA",15,29,5.625,4,2,0,5,5,0,3,0,0,9,0.16,0.25,0.24,0.22297951579093933,16201
"Total","Aaron Bummer","CHW",29,72,2.04545455,8,0,0,6,5,0,5,1,0,19,0.12121212,0.18309859,0.12121212,0.13882908821105958,16258
"Total","Sam Howard","COL",4,9,0,2,0,0,0,0,0,1,0,1,2,0.33333333,0.5,0.33333333,0.39359062165021896,16265
"Total","John Means","BAL",2,11,0,1,0,0,0,0,0,2,0,0,5,0.11111111,0.27272727,0.11111111,0.20456329800865866,16269
"Total","Jesus Tinoco","COL",5,8,3.375,0,0,0,2,1,0,2,0,0,2,0,0.25,0,0.17257362604141235,16300
"Total","Gerardo Reyes","SDP",5,8,40.5000001,3,1,0,6,6,2,1,0,0,2,0.42857143,0.5,1.42857143,0.7232538610696793,16306
"Total","Alex McRae","PIT",3,17,14.72727271,6,1,0,7,6,2,1,0,1,4,0.4,0.47058824,0.86666667,0.5361216839622048,16317
"Total","Brad Wieck","2 Tms",17,32,14.2105263,6,1,0,10,10,2,5,0,2,8,0.25,0.40625,0.54166667,0.39357695542275906,16390
"Total","Yonny Chirinos","TBR",1,2,0,0,0,0,0,0,0,0,0,0,0,0,0,0,0,16401
"Total","James Norwood","CHC",1,2,9,1,1,0,1,1,0,1,0,0,0,1,1,2,0.9534793496131897,16440
"Total","Joe Harvey","2 Tms",3,3,0,0,0,0,0,0,0,1,0,0,2,0,0.33333333,0,0.23009816805521646,16459
"Total","Ryan Yarbrough","TBR",8,13,10.80000001,4,2,0,4,4,0,1,0,0,3,0.33333333,0.38461538,0.5,0.3740644179857694,16502
"Total","Dan Altavilla","SEA",4,8,20.25000005,2,0,0,3,3,1,2,0,0,1,0.33333333,0.5,0.83333333,0.5237165465950966,16507
"Total","Harrison Musgrave","COL",3,9,0,1,1,0,0,0,0,2,1,0,2,0.14285714,0.33333333,0.28571429,0.23836983740329742,16532
"Total","Erik Swanson","SEA",2,8,0,0,0,0,0,0,0,1,0,1,4,0,0.25,0,0.17618880420923233,16587
"Total","Jonathan Holder","NYY",11,23,21.2142857,9,2,0,13,11,1,1,0,0,4,0.40909091,0.43478261,0.63636364,0.4469914177189703,16588
"Total","Kyle Bird","TEX",1,2,0,0,0,0,0,0,0,0,0,0,1,0,0,0,0,16618
"Total","Jeff Brigham","MIA",8,26,1.92857143,6,0,0,1,1,0,5,1,1,5,0.3,0.46153846,0.3,0.34792150259017945,16631
"Total","Brock Stewart","TOR",1,2,0,0,0,0,0,0,0,0,0,0,1,0,0,0,0,16727
"Total","Josh James","HOU",15,44,8.1,4,1,0,9,9,1,9,0,1,22,0.11764706,0.31818182,0.23529412,0.2688018476421183,16794
"Total","Tim Hill","KCR",14,19,2.25,5,0,0,1,1,1,1,1,2,2,0.33333333,0.44444444,0.53333333,0.40331747251398425,16814
"Total","Reed Garrett","DET",1,2,54.00000054,2,0,0,2,2,0,0,0,0,0,1,1,1,0.8696072697639465,16866
"Total","Aaron Wilkerson","MIL",1,1,0,0,0,0,0,0,0,0,0,0,0,0,0,0,0,16904
"Total","Touki Toussaint","ATL",8,18,8.30769231,4,3,0,5,4,0,1,0,1,4,0.25,0.33333333,0.4375,0.32939501603444415,16929
"Total","Elieser Hernandez","MIA",1,2,27,1,0,0,3,3,1,1,0,0,0,1,1,4,1.3149152994155884,16933
"Total","Sean Newcomb","ATL",18,40,5,8,0,0,6,5,1,4,1,2,9,0.24242424,0.35,0.33333333,0.29579749626991075,16943
"Total","Jake Jewell","LAA",1,3,0,0,0,0,0,0,0,0,0,0,0,0,0,0,0,16958
"Total","Daniel Mengden","OAK",2,1,54.00000054,0,0,0,2,2,0,0,0,0,0,0,0,0,0,16980
"Total","Tyler Beede","SFG",2,1,18,0,0,0,2,2,0,1,0,0,0,0,1,0,0.6902945041656494,16981
"Total","Trevor Hildenberger","MIN",10,19,3.6,2,0,0,2,2,0,3,0,0,6,0.13333333,0.26315789,0.13333333,0.20053147642236008,17002
"Total","Ariel Jurado","TEX",5,11,0,3,0,0,1,0,0,2,0,0,2,0.375,0.5,0.375,0.39894108176231385,17030
"Total","Raisel Iglesias","CIN",43,114,6.49367089,29,6,0,19,19,5,8,2,1,32,0.2815534,0.33628319,0.48543689,0.3379421572427492,17130
"Total","Domingo German","NYY",2,3,0,0,0,0,0,0,0,0,0,1,0,0,0.33333333,0,0.23973864316940308,17149
"Total","Gabe Speier","KCR",2,1,27.00000027,0,0,0,1,1,0,0,0,0,1,0,0,0,0,17170
"Total","Yoan Lopez","ARI",24,43,8.1,12,2,0,11,9,2,4,1,0,4,0.32432432,0.37209302,0.54054054,0.36524148214431035,17181
"Total","Jalen Beeks","TBR",12,23,6.42857143,4,1,0,8,5,1,1,0,1,2,0.22222222,0.27272727,0.44444444,0.28658751195127313,17192
"Total","Austin Brice","MIA",10,18,8.10000001,3,0,0,3,3,1,5,1,0,5,0.23076923,0.44444444,0.46153846,0.3788193324032952,17237
"Total","Sam Coonrod","SFG",7,8,13.50000003,3,0,0,2,2,0,1,1,0,1,0.42857143,0.5,0.42857143,0.37268882989883423,17264
"Total","Ranger Suarez","PHI",8,26,2.84210526,6,1,0,2,2,0,2,0,0,6,0.26086957,0.32,0.30434783,0.27781158208847045,17277
"Total","Thomas Pannone","TOR",6,16,10.80000001,4,0,0,4,4,0,2,0,0,3,0.30769231,0.375,0.30769231,0.3036886304616928,17281
"Total","Framber Valdez","HOU",3,4,81.00000081,3,1,0,4,3,0,0,0,0,1,0.75,0.75,1,0.7389696836471558,17295
"Total","Josh Taylor","BOS",12,21,5.4,3,0,0,3,3,0,3,0,0,6,0.16666667,0.28571429,0.16666667,0.22284311056137085,17359
"Total","Brett Martin","TEX",12,28,3,4,1,0,3,2,0,3,1,0,5,0.17391304,0.25,0.2173913,0.19281759306236548,17369
"Total","Erick Fedde","WSN",1,2,0,0,0,0,0,0,0,0,0,0,0,0,0,0,0,17425
"Total","Jonathan Hernandez","TEX",2,6,0,0,0,0,0,0,0,1,0,0,0,0,0.16666667,0,0.11504908402760823,17464
"Total","Heath Fillmyer","KCR",2,5,40.4999998,2,0,0,3,3,1,1,0,0,1,0.5,0.6,1.25,0.6998875737190247,17466
"Total","Chad Sobotka","ATL",7,11,15,1,0,0,5,5,1,3,0,0,3,0.125,0.36363636,0.5,0.36458360065113415,17470
"Total","Genesis Cabrera","STL",3,3,26.99999987,1,1,0,4,2,0,0,0,0,2,0.33333333,0.33333333,0.66666667,0.40555473168691,17490
"Total","Diego Castillo","TBR",31,72,5.09433962,12,4,0,13,10,1,9,3,2,21,0.20338983,0.32394366,0.3220339,0.2716712154009763,17496
"Total","Ryan Burr","CHW",2,3,0,3,0,0,2,0,0,0,0,0,0,1,1,1,0.8696072697639465,17536
"Total","Tanner Scott","BAL",4,8,45,2,1,0,6,5,0,4,0,0,1,0.5,0.75,0.75,0.6059311851859093,17586
"Total","Tanner Rainey","WSN",12,27,10.5,3,1,0,8,7,1,5,0,0,11,0.14285714,0.30769231,0.33333333,0.2875876953968635,17610
"Total","Taylor Clarke","ARI",2,6,5.39999999,1,0,0,1,1,1,0,0,0,2,0.16666667,0.16666667,0.66666667,0.3232560157775879,17611
"Total","Jeffrey Springs","TEX",2,4,40.4999998,2,1,0,3,3,0,0,0,0,0,0.5,0.5,0.75,0.5215678662061691,17677
"Total","Evan Phillips","BAL",4,13,22.5,4,1,0,5,5,0,2,0,1,3,0.4,0.53846154,0.5,0.45579161093785214,17734
"Total","Tyler Alexander","DET",1,1,0,0,0,0,0,0,0,0,0,0,1,0,0,0,0,17735
"Total","Jose Alvarado","TBR",21,57,6.54545455,13,2,0,8,8,0,12,1,0,14,0.325,0.46296296,0.375,0.36966505478013234,17780
"Total","Trey Wingenter","SDP",17,40,6.75,7,2,0,7,7,2,7,0,1,11,0.22580645,0.38461538,0.48387097,0.3710897396772336,17793
"Total","Dillon Tate","BAL",6,16,8.10000001,4,1,0,3,3,0,2,0,0,2,0.28571429,0.375,0.35714286,0.3253796882927418,17796
"Total","Daniel Zamora","NYM",5,5,26.99999987,3,1,0,2,2,1,1,0,0,0,0.75,0.8,1.75,0.9432204127311706,17811
"Total","Jose Rodriguez","LAA",1,8,0,1,0,0,0,0,0,2,0,0,2,0.16666667,0.375,0.16666667,0.28127453476190567,17860
"Total","Ian Gibaut","TEX",1,1,27,1,0,0,3,3,1,0,0,0,0,1,1,4,1.9395360946655273,17871
"Total","Nestor Cortes","NYY",8,16,9,3,0,0,4,4,1,2,0,1,2,0.25,0.375,0.5,0.36115972325205803,17874
"Total","Dennis Santana","LAD",1,1,0,0,0,0,0,0,0,0,0,0,1,0,0,0,0,17878
"Total","Trent Thornton","TOR",1,4,9,1,0,0,1,1,0,0,0,0,0,0.5,0.33333333,0.5,0.2898690899213155,17948
"Total","Bobby Poyner","BOS",3,3,81.00000081,2,1,1,3,3,0,0,0,0,0,0.66666667,0.66666667,1.66666667,0.9152265389760336,17987
"Total","Pete Fairbanks","2 Tms",9,14,16.87500004,5,1,0,7,5,0,1,0,0,3,0.38461538,0.42857143,0.46153846,0.38467055559158325,17998
"Total","Phil Maton","SDP",4,5,40.5000001,1,1,0,6,6,0,0,0,0,2,0.2,0.2,0.4,0.243332839012146,18064
"Total","Matt Hall","DET",3,6,27,2,0,0,3,3,0,1,1,0,2,0.4,0.5,0.4,0.3478429079055786,18076
"Total","Cody Stashak","MIN",2,3,13.49999993,1,0,0,1,1,1,0,0,0,0,0.33333333,0.33333333,1.33333333,0.6465120315551758,18088
"Total","Chance Adams","NYY",3,4,108.00000108,3,0,0,4,4,1,0,0,0,1,0.75,0.75,1.5,0.9196876585483551,18135
"Total","Ryan Helsley","STL",4,8,3.375,2,0,0,1,1,1,0,0,0,2,0.25,0.25,0.625,0.35114292055368423,18138
"Total","Zac Grotz","SEA",6,11,6,1,0,0,3,2,0,1,0,0,3,0.1,0.18181818,0.1,0.14180925217541782,18256
"Total","Jarlin Garcia","MIA",15,31,3.52173913,5,1,0,3,3,0,3,1,0,6,0.18518519,0.26666667,0.22222222,0.2095062856016488,18282
"Total","Tyler Kinley","MIA",13,30,4.76470588,4,1,0,3,3,0,9,0,0,8,0.19047619,0.43333333,0.23809524,0.33460455139478046,18297
"Total","Andrew Suarez","SFG",6,9,4.5,2,0,0,1,1,0,1,0,0,2,0.25,0.33333333,0.25,0.2699454492992825,18300
"Total","Taylor Guilbeau","SEA",4,6,40.4999998,3,0,1,3,3,1,1,1,0,0,0.6,0.66666667,1.6,0.8676317572593689,18306
"Total","Carson Fulmer","CHW",4,14,6.74999999,2,0,0,2,2,0,3,0,2,2,0.25,0.5,0.25,0.37489499364580425,18311
"Total","Jacob Waguespack","TOR",2,2,54.00000054,1,0,0,2,2,0,0,0,0,0,0.5,0.5,0.5,0.43480363488197327,18318
"Total","Josh Sborz","LAD",1,3,13.49999993,2,0,0,1,1,1,0,0,0,0,0.66666667,0.66666667,1.66666667,0.9363811214764913,18323
"Total","Alex Young","ARI",1,4,0,1,0,0,0,0,0,0,0,0,0,0.25,0.25,0.25,0.21740181744098663,18333
"Total","Josh Staumont","KCR",2,9,0,1,0,0,0,0,0,2,1,0,2,0.14285714,0.33333333,0.14285714,0.1949877217411995,18335
"Total","Nick Anderson","2 Tms",28,64,8.4,13,1,1,14,14,3,7,2,0,22,0.22807018,0.3125,0.43859649,0.3060099770945887,18337
"Total","Jaime Barria","LAA",3,3,53.99999973,2,0,0,4,4,1,0,0,0,0,0.66666667,0.66666667,1.66666667,0.9363811214764913,18356
"Total","Thomas Eshelman","BAL",2,5,5.39999999,0,0,0,1,1,0,0,0,0,2,0,0,0,0,18361
"Total","Trevor Kelley","BOS",2,6,13.50000003,1,0,0,2,2,0,1,0,0,1,0.25,0.33333333,0.25,0.259983628988266,18454
"Total","Junior Fernandez","STL",3,7,13.50000003,2,0,0,2,2,1,1,0,0,0,0.33333333,0.42857143,0.83333333,0.49991969551358906,18496
"Total","Kenta Maeda","LAD",4,7,0,0,0,0,0,0,0,0,0,0,5,0,0,0,0,18498
"Total","Josh Rogers","BAL",1,1,27,1,0,0,3,3,1,0,0,0,0,1,1,4,1.9395360946655273,18510
"Total","Logan Allen","SDP",1,1,0,0,0,0,0,0,0,0,0,0,0,0,0,0,0,18555
"Total","Travis Bergen","SFG",3,4,0,1,1,0,0,0,0,0,0,0,2,0.25,0.25,0.5,0.3041660487651825,18581
"Total","Travis Lakins Sr.","BOS",4,10,33.75000008,3,1,0,5,5,0,2,0,1,0,0.5,0.6,0.66666667,0.5055683672428131,18600
"Total","A.J. Minter","ATL",15,38,10.79999999,12,2,0,8,8,2,6,2,0,10,0.38709677,0.48648649,0.64516129,0.45801247869219097,18655
"Total","Freddy Peralta","MIL",12,25,11.11764705,4,0,0,7,7,2,4,0,0,8,0.19047619,0.32,0.47619048,0.3351785898208618,18679
"Total","Seunghwan Oh","COL",5,9,19.28571431,1,0,0,5,5,1,1,0,0,1,0.125,0.22222222,0.5,0.2922033998701308,18719
"Total","Miguel Del Pozo","LAA",5,4,27,2,0,0,3,3,0,2,0,0,0,1,1,1,0.779950886964798,18792
"Total","Drew Steckenrider","MIA",3,6,26.99999987,3,0,0,2,2,1,0,0,1,2,0.6,0.66666667,1.2,0.732994427283605,18806
"Total","Miguel Diaz","SDP",1,2,0,0,0,0,0,0,0,0,0,0,0,0,0,0,0,18815
"Total","Kyle Keller","MIA",2,5,4.5,0,0,0,1,1,0,0,0,0,3,0,0,0,0,18890
"Total","Jose Quijada","MIA",12,21,3.85714285,4,2,0,3,2,1,3,2,0,7,0.22222222,0.33333333,0.5,0.31225085572192546,19200
"Total","Dakota Hudson","STL",1,3,0,0,0,0,0,0,0,1,0,0,0,0,0.33333333,0,0.23009816805521646,19206
"Total","Seranthony Dominguez","PHI",12,27,7.10526316,5,1,1,7,5,0,4,0,0,7,0.22727273,0.34615385,0.36363636,0.31214151703394377,19249
"Total","Gerson Bautista","SEA",1,1,27.00000027,0,0,0,1,1,0,0,0,0,0,0,0,0,0,19256
"Total","T.J. Zeuch","TOR",1,2,27.00000027,1,0,0,1,1,0,0,0,0,0,0.5,0.5,0.5,0.43480363488197327,19269
"Total","Jacob Webb","ATL",10,17,0,2,0,0,0,0,0,0,0,0,3,0.11764706,0.11764706,0.11764706,0.10230673761928782,19274
"Total","Edgar Garcia","PHI",4,5,0,0,0,0,0,0,0,1,0,0,0,0,0.2,0,0.13805890083312988,19276
"Total","Kyle Dowdy","TEX",5,9,27,2,0,0,3,3,1,3,1,0,1,0.4,0.55555556,1,0.5237165465950966,19285
"Total","Trevor Richards","TBR",2,5,0,0,0,0,1,0,0,0,0,0,2,0,0,0,0,19309
"Total","Reggie McClain","SEA",3,5,9,1,1,0,1,1,0,1,0,0,0,0.25,0.4,0.5,0.38139173984527586,19311
"Total","Cal Quantrill","SDP",3,4,0,0,0,0,0,0,0,0,0,0,0,0,0,0,0,19312
"Total","Matthew Festa","SEA",6,17,4.5,4,0,1,2,2,0,2,1,0,2,0.30769231,0.375,0.46153846,0.3218754490216573,19330
"Total","Richard Lovelady","KCR",7,16,27.00000004,6,2,0,7,7,1,3,2,0,2,0.5,0.6,0.91666667,0.590152369095729,19337
"Total","Hector Velazquez","BOS",3,12,6.74999999,3,1,0,2,2,1,2,0,0,1,0.3,0.41666667,0.7,0.45053304731845856,19341
"Total","A.J. Puk","OAK",3,3,27.00000027,1,0,0,1,1,0,1,0,0,0,0.5,0.66666667,0.5,0.519967257976532,19343
"Total","Caleb Ferguson","LAD",9,11,27,3,0,0,7,6,1,3,0,0,3,0.375,0.54545455,0.75,0.522694013335488,19349
"Total","Corbin Burnes","MIL",10,24,4.90909091,3,0,0,5,4,0,1,0,0,11,0.13043478,0.16666667,0.13043478,0.13746317972739538,19361
"Total","Tony Gonsolin","LAD",1,2,54.00000054,1,1,0,2,2,0,0,0,0,0,0.5,0.5,1,0.608332097530365,19388
"Total","Colin Poche","TBR",27,51,7.90243902,8,2,0,12,12,3,5,0,1,19,0.18181818,0.28,0.43181818,0.30062893867492674,19403
"Total","Shaun Anderson","SFG",6,13,2.7,3,1,0,1,1,0,2,0,0,3,0.27272727,0.38461538,0.36363636,0.33357444176307094,19453
"Total","Bryan Garcia","DET",4,4,54,2,0,0,6,6,1,0,0,0,0,0.5,0.5,1.25,0.7022858411073685,19457
"Total","Andrew Vasquez","MIN",1,3,0,0,0,0,0,0,0,2,0,1,0,0,1,0,0.6999349792798361,19482
"Total","Mike Shawaryn","BOS",5,8,94.49999953,2,0,0,7,7,1,4,0,0,2,0.5,0.75,1.25,0.6962901726365089,19495
"Total","Stephen Nogosek","NYM",1,3,9,2,1,0,1,1,0,1,0,0,0,1,1,1.5,0.925521989663442,19545
"Total","Jon Duplantier","ARI",5,28,0,4,0,0,0,0,0,2,0,2,9,0.16666667,0.28571429,0.16666667,0.22490892665726797,19546
"Total","JD Hammer","PHI",3,5,18,2,0,0,2,2,0,0,0,0,1,0.4,0.4,0.4,0.3478429079055786,19548
"Total","Geoff Hartlieb","PIT",4,5,18,2,0,0,2,2,0,0,0,0,0,0.4,0.4,0.4,0.3478429079055786,19558
"Total","David Bednar","SDP",2,4,53.99999973,1,0,0,4,4,1,1,0,0,0,0.33333333,0.5,1.33333333,0.6574576497077942,19569
"Total","Cionel Perez","HOU",2,7,10.79999998,2,0,0,2,2,1,0,0,0,1,0.28571429,0.28571429,0.71428571,0.4013061949184963,19614
"Total","Jordan Hicks","STL",13,34,7.56,7,2,0,7,7,0,4,0,0,7,0.23333333,0.32352941,0.3,0.28066302222364087,19618
"Total","Gregory Soto","DET",6,13,18,4,0,0,6,6,2,1,0,0,2,0.33333333,0.38461538,0.83333333,0.4852754794634305,19677
"Total","Dustin May","LAD",5,12,23.62499997,5,0,0,7,7,1,0,0,1,3,0.45454545,0.5,0.72727273,0.5114317586024603,19716
"Total","Jonathan Loaisiga","NYY",3,9,3.85714286,2,0,0,1,1,0,0,0,1,2,0.28571429,0.33333333,0.28571429,0.2731589410040114,19753
"Total","Yoshihisa Hirano","ARI",27,68,11.76923077,18,2,0,19,17,4,11,2,2,16,0.34615385,0.46268657,0.61538462,0.43504372926858753,19756
"Total","David McKay","DET",4,10,10.12499999,2,0,0,3,3,0,2,1,0,2,0.25,0.4,0.25,0.2699454492992825,19814
"Total","Darwinzon Hernandez","BOS",2,9,16.19999997,2,0,0,3,3,0,2,0,0,4,0.28571429,0.44444444,0.28571429,0.3466448386510213,19848
"Total","Griffin Canning","LAA",1,7,36,3,0,0,4,4,1,1,0,0,2,0.5,0.57142857,1,0.6241493054798671,19867
"Total","Kevin Ginkel","ARI",10,23,0,3,0,0,1,0,0,1,0,0,6,0.14285714,0.18181818,0.14285714,0.14995983242988586,19876
"Total","Jose Suarez","LAA",1,1,0,0,0,0,0,0,0,0,0,0,0,0,0,0,0,19911
"Total","Jesus Luzardo","OAK",2,9,0,0,0,0,0,0,0,1,0,1,4,0,0.22222222,0,0.15661227040820652,19959
"Total","Joel Kuhnel","CIN",2,5,0,0,0,0,0,0,0,1,0,0,1,0,0.2,0,0.13805890083312988,19995
"Total","John Schreiber","DET",2,3,0,0,0,0,0,0,0,0,0,0,2,0,0,0,0,20020
"Total","Phillip Diehl","COL",2,4,0,0,0,0,0,0,0,1,0,0,0,0,0.25,0,0.17257362604141235,20030
"Total","Michel Baez","SDP",2,4,0,0,0,0,0,0,0,0,0,0,0,0,0,0,0,20100
"Total","Brendan McKay","TBR",1,1,0,0,0,0,0,0,0,0,0,0,1,0,0,0,0,20186
"Total","Brusdar Graterol","MIN",3,10,13.50000003,6,1,0,2,2,0,1,1,0,0,0.75,0.7,0.875,0.6183000604311625,20367
"Total","Andres Munoz","SDP",8,18,5.78571428,1,1,0,3,3,0,2,0,0,7,0.06666667,0.17647059,0.13333333,0.1527796001995311,20373
"Total","Anthony Kay","TOR",1,1,27.00000027,0,0,0,1,1,0,0,0,0,0,0,0,0,0,20387
"Total","Emmanuel Clase","TEX",8,21,5.4,4,1,1,4,3,0,1,0,0,5,0.2,0.23809524,0.35,0.24643755526769728,21032